<?xml version="1.0" encoding="UTF-8"?>
<!DOCTYPE hibernate-configuration PUBLIC
        "-//Hibernate/Hibernate Configuration DTD//EN"
        "http://www.hibernate.org/dtd/hibernate-configuration-3.0.dtd">
<hibernate-configuration>
  <session-factory>
    <property name="hibernate.dialect">org.hibernate.dialect.PostgreSQLDialect</property>
    <property name="hibernate.connection.driver_class">org.postgresql.Driver</property>
    <property name="hibernate.connection.url">jdbc:postgresql://localhost:5432/tiendita</property>
    <property name="hibernate.connection.username">postgres</property>
    <property name="connection.password">respuesta42</property>
    <property name="show_sql">true</property>
        <property name="format_sql">true</property>
    <property name="hibernate.current_session_context_class">thread</property>
    
    <mapping class="tiendita.entity.CategoriaEntity"/>
    <mapping class="tiendita.entity.ProductoEntity"/>
  </session-factory>
</hibernate-configuration>
