<?xml version="1.0" encoding="UTF-8"?>
<project-private xmlns="http://www.netbeans.org/ns/project-private/1">
    <editor-bookmarks xmlns="http://www.netbeans.org/ns/editor-bookmarks/2" lastBookmarkId="0"/>
    <open-files xmlns="http://www.netbeans.org/ns/projectui-open-files/2">
        <group>
            <file>file:/home/tonatihu/Documents/octavo/webappdev/ejer4/Instituto/src/java/dao/AlumnoDaoImpl.java</file>
            <file>file:/home/tonatihu/Documents/octavo/webappdev/ejer4/Instituto/src/java/view/EnviarCorreoServlet.java</file>
            <file>file:/home/tonatihu/Documents/octavo/webappdev/ejer4/Instituto/src/java/util/Redireccion.java</file>
            <file>file:/home/tonatihu/Documents/octavo/webappdev/ejer4/Instituto/src/java/dto/Alumno.java</file>
            <file>file:/home/tonatihu/Documents/octavo/webappdev/ejer4/Instituto/src/java/dao/CarreraDao.java</file>
            <file>file:/home/tonatihu/Documents/octavo/webappdev/ejer4/Instituto/src/java/dao/AlumnoDao.java</file>
            <file>file:/home/tonatihu/Documents/octavo/webappdev/ejer4/Instituto/src/java/dto/Usuario.java</file>
        </group>
    </open-files>
</project-private>
